"SNP","Chr","Pos","Effect","SE","DM_NIRS.GLM"
"chr01_31498756",1,31498756,-2.30283343511043,0.328247774208515,2.99976966241716e-11
"chr01_31544211",1,31544211,2.21873601357575,0.41406539387748,2.17277943949622e-07
"chr01_32001190",1,32001190,3.58213370557513,0.549163580981529,4.93788161424544e-10
"chr01_32687089",1,32687089,2.62888645535736,0.507758065052896,5.19538224803325e-07
"chr01_32694239",1,32694239,3.76360283363562,0.619930812678271,5.75579435676409e-09
"chr01_33067627",1,33067627,-2.73218645956337,0.457970178883051,1.00253404571822e-08
"chr01_33222617",1,33222617,2.59726255452372,0.504748943779902,6.04167948621181e-07
"chr01_33244439",1,33244439,-6.91481388869954,0.701363186849439,3.95538366360402e-19
"chr01_33250754",1,33250754,2.14509825624609,0.432097054506737,1.41039275489842e-06
"chr01_33359326",1,33359326,3.9463887627968,0.563157097895878,3.1409259232702e-11
"chr01_34671057",1,34671057,-2.36450307532994,0.462655559538062,7.12606794642385e-07
"chr01_34963322",1,34963322,-4.12193452137159,0.597448693642943,5.87599626004082e-11
"chr01_35951952",1,35951952,-3.17042625870548,0.546424858692349,2.34845521185804e-08
"chr01_36342222",1,36342222,-2.45568897713819,0.509514985558757,2.73164117099877e-06
"chr01_36478419",1,36478419,-2.89293012112735,0.555334621765221,4.46211422358719e-07
"chr01_36754746",1,36754746,-2.80987638308129,0.556231695409188,9.4042642547094e-07
"chr01_37058184",1,37058184,-5.22589282787658,0.780986210164721,1.92096164997842e-10
"chr01_37225079",1,37225079,-3.9198448105389,0.740221007993807,2.94897037520706e-07
"chr01_37330141",1,37330141,-2.76739241557897,0.560926705500715,1.62523362477847e-06
"chr01_37460442",1,37460442,-3.72615740658227,0.6906101270261,1.81303126273308e-07
"chr01_37601557",1,37601557,-2.80849006733268,0.550588031086606,7.46375606045428e-07
