"SNP","Chr","Pos","Effect","SE","DM_NIRS.FarmCPU"
"chr01_33244439",1,33244439,-4.79497098951632,0.620342518867859,2.67037759658389e-14
"chr17_34503075",17,34503075,2.06747628482892,0.505610090119423,5.39564876900758e-06
