"SNP","Chr","Pos","Effect","SE","DM_NIRS.MLM"
"chr01_31498756",1,31498756,-2.20850956958591,0.377179546114414,1.76433002523147e-08
"chr01_31544211",1,31544211,2.08775141469454,0.458823538535295,8.95743683674671e-06
"chr01_32001190",1,32001190,3.57436468852904,0.616261756871259,2.34793537833859e-08
"chr01_32687089",1,32687089,2.68998216922716,0.562827297515555,3.25691718771299e-06
"chr01_32694239",1,32694239,3.73624701064239,0.691018407823047,1.70001032157285e-07
"chr01_33067627",1,33067627,-2.93984463434373,0.516021771692537,3.97906674044005e-08
"chr01_33222617",1,33222617,2.52653769200469,0.549974429015552,7.40727198649265e-06
"chr01_33244439",1,33244439,-6.77526435688856,0.882484082631825,5.62756438764905e-13
"chr01_33359326",1,33359326,3.85375035085997,0.649116786625997,1.15311643597146e-08
"chr01_34671057",1,34671057,-2.63324678031307,0.526875804363217,1.20041178173994e-06
"chr01_34963322",1,34963322,-4.46388128102944,0.711574533113551,1.91725326974744e-09
"chr01_35951952",1,35951952,-3.38085042615441,0.641343480093468,3.28572022736487e-07
"chr01_36478419",1,36478419,-3.09386662708368,0.64419091275629,2.93245830685269e-06
"chr01_36754746",1,36754746,-3.02350940817612,0.643949608576754,4.74235565981194e-06
"chr01_37058184",1,37058184,-5.38087335788646,0.920617407485926,1.86280631153458e-08
"chr01_37225079",1,37225079,-4.16240185391837,0.854700260793698,2.16137293576707e-06
"chr01_37330141",1,37330141,-3.04151565485915,0.659724195465326,6.89598315194541e-06
"chr01_37460442",1,37460442,-3.79066736648736,0.778889632541084,2.19366688680592e-06
"chr01_37601557",1,37601557,-2.8646096692238,0.627014348208601,8.26906250217628e-06
