"SNP","Chr","Pos","Effect","SE","WAB_20min_mean.FarmCPU"
"chr01_20330444",1,20330444,-0.750960332768969,0.166281445807531,3.07232600035735e-07
"chr01_33244439",1,33244439,-1.62208665891716,0.19868821006287,4.26546199532877e-16
"chr10_24095256",10,24095256,1.47013954463522,0.266242886403829,6.96873289659221e-09
"chr12_4816670",12,4816670,-0.864490010728883,0.159674105985484,1.42490767038945e-08
"chr18_27608523",18,27608523,-0.812022374651556,0.196961263794722,8.0062678023911e-06
