"SNP","Chr","Pos","Effect","SE","WAB_30min_mean.GLM"
"chr01_33244439",1,33244439,-3.6694800723387,0.674239148998073,1.43954484312119e-07
"chr12_4816670",12,4816670,-2.47049419560916,0.478301279356121,5.50815215545176e-07
