"SNP","Chr","Pos","Effect","SE","WAB_30min_mean.MLM"
"chr01_33244439",1,33244439,-3.64948117540092,0.749551596770901,2.17250687640561e-06
