"SNP","Chr","Pos","Effect","SE","WAB_20min_mean.GLM"
"chr01_31498756",1,31498756,-0.563516989255544,0.114113019748677,1.59102183476224e-06
"chr01_31544211",1,31544211,0.667032162657632,0.138557874208365,2.80103530763375e-06
"chr01_32001190",1,32001190,1.05456336287229,0.185381309082529,4.19739866123285e-08
"chr01_32694239",1,32694239,1.04335377043703,0.210269619418744,1.42616453487412e-06
"chr01_33244439",1,33244439,-1.76977497743657,0.252341711294264,3.03707350696259e-11
"chr01_37058184",1,37058184,-1.28590275836209,0.270183322203701,3.58241372170154e-06
"chr01_37330141",1,37330141,-0.925416357811237,0.185305512585766,1.22981593977983e-06
"chr14_5161691",14,5161691,2.14789052239782,0.469126933239,7.95963975801538e-06
