"SNP","Chr","Pos","Effect","SE","WAB_20min_mean.MLM"
"chr01_31498756",1,31498756,-0.581712342580355,0.122019257595878,3.43765673255088e-06
"chr01_32001190",1,32001190,1.06686557767673,0.200025124682,2.43151561049664e-07
"chr01_32694239",1,32694239,1.06780127772395,0.224405506603802,3.57959841322135e-06
"chr01_33244439",1,33244439,-1.77697692982274,0.287650585093968,3.21537960927493e-09
"chr01_37330141",1,37330141,-0.973055260292661,0.209599676935989,5.98839276722767e-06
