"SNP","Chr","Pos","Effect","SE","WAB_30min_mean.FarmCPU"
"chr01_20330444",1,20330444,-1.88360358536742,0.435938761552804,1.76165214706245e-06
"chr01_33244439",1,33244439,-3.54349479973929,0.504511122642535,1.11508687562133e-12
"chr03_28198260",3,28198260,-8.19749481872397,1.5238147363384,1.27280487645661e-10
"chr12_4816670",12,4816670,-1.74179053065504,0.417157979027257,2.39165736335603e-06
"chr18_24294755",18,24294755,-1.91325014576146,0.463290896066697,2.69402092612512e-06
